{"eval/product_f1-score":0.5129682997118156,"eval/discipline_precision":0.2962962962962963,"eval/task_recall":0.5918367346938775,"_runtime":3017.281058581,"_wandb":{"runtime":3017},"eval/PER_precision":0.9452960625187857,"eval/PER_f1-score":0.9576735688185141,"train/best_f1":0.8084402485273945,"eval/MISC_recall":0.6606929510155317,"train/total_steps":4520,"eval/loss":0.21942467442734467,"_timestamp":1.7533334203560312e+09,"eval/programlang_f1-score":0.6904761904761905,"eval/field_recall":0.7359550561797753,"eval/macro avg_f1-score":0.5723957381514885,"eval/enzyme_f1-score":0.5979381443298969,"eval/protein_precision":0.4701492537313433,"eval/micro avg_f1-score":0.8074524164017545,"eval/task_f1-score":0.5454545454545454,"eval/programlang_recall":0.8285714285714286,"train/batch_size":32,"eval/academicjournal_recall":0.6241610738255033,"eval/award_f1-score":0.7153284671532847,"eval/conference_precision":0.42391304347826086,"eval/discipline_f1-score":0.3368421052631579,"eval/astronomicalobject_recall":0.8579088471849866,"eval/chemicalelement_precision":0,"eval/LOC_precision":0.9206416209371042,"eval/book_precision":0.4972067039106145,"eval/ORG_precision":0.8290322580645161,"eval/poem_recall":0.5189873417721519,"eval/award_precision":0.6901408450704225,"eval/LOC_recall":0.9356499356499357,"eval/book_f1-score":0.5129682997118156,"eval/macro avg_precision":0.5587833940168742,"eval/programlang_precision":0.5918367346938775,"eval/chemicalelement_f1-score":0,"train/learning_rate":4.975124378109453e-07,"eval/magazine_f1-score":0.4193548387096774,"train/loss":0.0008094709578209084,"eval/theory_precision":0.125,"eval/chemicalcompound_precision":0.6989795918367347,"eval/literarygenre_recall":0.5986842105263158,"eval/algorithm_recall":0.6573033707865169,"eval/product_precision":0.5114942528735632,"eval/weighted avg_recall":0.825353734781178,"eval/poem_precision":0.38317757009345793,"eval/chemicalcompound_f1-score":0.7043701799485862,"eval/PER_recall":0.9703795124961432,"eval/magazine_recall":0.36619718309859156,"eval/algorithm_precision":0.4978723404255319,"eval/enzyme_recall":0.6041666666666666,"eval/literarygenre_precision":0.610738255033557,"eval/recall":0.825353734781178,"eval/astronomicalobject_precision":0.862533692722372,"eval/chemicalelement_recall":0,"eval/task_precision":0.5058139534883721,"eval/chemicalcompound_recall":0.7098445595854922,"eval/metrics_recall":0.5714285714285714,"eval/f1":0.8074524164017545,"eval/macro avg_recall":0.5939359936655282,"eval/academicjournal_precision":0.5923566878980892,"eval/poem_f1-score":0.44086021505376344,"eval/conference_recall":0.43820224719101125,"eval/theory_recall":0.14285714285714285,"eval/award_recall":0.7424242424242424,"eval/field_precision":0.6582914572864321,"eval/global_step":4520,"eval/academicjournal_f1-score":0.6078431372549019,"eval/magazine_precision":0.49056603773584906,"eval/algorithm_f1-score":0.5665859564164649,"eval/enzyme_precision":0.5918367346938775,"eval/field_f1-score":0.6949602122015915,"eval/MISC_f1-score":0.6398611512872433,"eval/conference_f1-score":0.430939226519337,"eval/book_recall":0.5297619047619048,"eval/theory_f1-score":0.13333333333333333,"eval/metrics_f1-score":0.5936395759717314,"_step":4520,"eval/weighted avg_f1-score":0.8081335452799555,"eval/protein_recall":0.6237623762376238,"eval/literarygenre_f1-score":0.6046511627906976,"eval/ORG_recall":0.8883950617283951,"checkpoint/best_f1":0.8084402485273945,"train/epoch":10,"eval/ORG_f1-score":0.8576877234803337,"eval/micro avg_recall":0.825353734781178,"eval/event_recall":0.3465346534653465,"train/patience_count":1,"train/global_step":4500,"eval/protein_f1-score":0.5361702127659574,"eval/MISC_precision":0.6203028603477285,"eval/discipline_recall":0.3902439024390244,"eval/product_recall":0.5144508670520231,"eval/metrics_precision":0.6176470588235294,"eval/precision":0.7903111461205199,"eval/astronomicalobject_f1-score":0.8602150537634409,"train/total_epochs":10,"train/total_examples":14441,"eval/event_f1-score":0.4216867469879518,"eval/micro avg_precision":0.7903111461205199,"eval/event_precision":0.5384615384615384,"eval/weighted avg_precision":0.7930369191008593,"eval/LOC_f1-score":0.9280851063829787}