{"train/patience_count":0,"_runtime":1592.42096448,"eval/event_precision":0.6578947368421053,"eval/enzyme_f1-score":0.5744680851063831,"eval/field_precision":0.665158371040724,"eval/event_recall":0.24752475247524752,"eval/chemicalcompound_precision":0.7076923076923077,"eval/ORG_precision":0.8499765588373184,"eval/f1":0.818916081091996,"eval/poem_precision":0.5614035087719298,"eval/task_f1-score":0.5676567656765676,"eval/algorithm_recall":0.6685393258426966,"eval/field_recall":0.8258426966292135,"eval/chemicalelement_recall":0,"eval/global_step":4520,"_step":4520,"eval/conference_f1-score":0.4755244755244755,"eval/LOC_f1-score":0.9325153374233128,"eval/LOC_recall":0.9455169455169455,"eval/academicjournal_recall":0.7583892617449665,"eval/recall":0.8340737084567292,"eval/book_recall":0.7053571428571429,"eval/LOC_precision":0.9198664440734557,"eval/discipline_precision":0.35714285714285715,"eval/macro avg_recall":0.5858934357109526,"eval/enzyme_precision":0.5869565217391305,"eval/MISC_recall":0.6732377538829152,"checkpoint/best_f1":0.818949153911393,"eval/award_f1-score":0.711033274956217,"eval/protein_recall":0.6534653465346535,"eval/task_precision":0.5512820512820513,"eval/magazine_recall":0.2535211267605634,"eval/micro avg_recall":0.8340737084567292,"train/total_epochs":10,"eval/academicjournal_precision":0.773972602739726,"eval/ORG_recall":0.8953086419753087,"eval/magazine_f1-score":0.3364485981308411,"eval/literarygenre_f1-score":0.5165562913907286,"eval/PER_precision":0.9585744745659458,"eval/weighted avg_f1-score":0.8176101742456617,"eval/enzyme_recall":0.5625,"eval/PER_f1-score":0.9647455548743102,"eval/weighted avg_recall":0.8340737084567292,"eval/micro avg_precision":0.8042995399016342,"eval/discipline_recall":0.36585365853658536,"eval/precision":0.8042995399016342,"eval/theory_precision":0.3333333333333333,"eval/chemicalelement_precision":0,"eval/poem_f1-score":0.47058823529411764,"train/epoch":10,"eval/protein_f1-score":0.5892857142857143,"train/learning_rate":4.975124378109453e-07,"eval/loss":0.33399081784696394,"eval/book_precision":0.6076923076923076,"_wandb":{"runtime":1592},"eval/macro avg_precision":0.6027185819166658,"eval/algorithm_precision":0.4897119341563786,"train/global_step":4500,"eval/literarygenre_recall":0.5131578947368421,"eval/task_recall":0.5850340136054422,"eval/protein_precision":0.5365853658536586,"eval/chemicalelement_f1-score":0,"train/total_examples":14441,"eval/macro avg_f1-score":0.5838906055554403,"eval/product_f1-score":0.47752808988764045,"eval/field_f1-score":0.736842105263158,"_timestamp":1.7533433171326327e+09,"eval/MISC_f1-score":0.6410693970420934,"eval/chemicalcompound_f1-score":0.711340206185567,"eval/ORG_f1-score":0.8720538720538721,"eval/award_precision":0.6612377850162866,"eval/event_f1-score":0.3597122302158274,"eval/metrics_f1-score":0.6,"eval/literarygenre_precision":0.52,"eval/academicjournal_f1-score":0.7661016949152543,"eval/theory_recall":0.14285714285714285,"train/total_steps":4520,"train/batch_size":32,"eval/programlang_precision":0.6578947368421053,"eval/weighted avg_precision":0.8058229487954139,"eval/poem_recall":0.4050632911392405,"eval/astronomicalobject_precision":0.8071065989847716,"eval/MISC_precision":0.6118349619978285,"eval/magazine_precision":0.5,"eval/metrics_recall":0.5510204081632653,"eval/metrics_precision":0.6585365853658537,"train/loss":0.003156279431894309,"eval/conference_precision":0.6296296296296297,"eval/product_precision":0.4644808743169399,"eval/book_f1-score":0.652892561983471,"eval/programlang_f1-score":0.684931506849315,"eval/theory_f1-score":0.2,"eval/PER_recall":0.9709966059858068,"eval/product_recall":0.4913294797687861,"train/best_f1":0.818949153911393,"eval/conference_recall":0.38202247191011235,"eval/algorithm_f1-score":0.5653206650831355,"eval/chemicalcompound_recall":0.7150259067357513,"eval/programlang_recall":0.7142857142857143,"eval/micro avg_f1-score":0.818916081091996,"eval/award_recall":0.7689393939393939,"eval/discipline_f1-score":0.3614457831325302,"eval/astronomicalobject_recall":0.8525469168900804,"eval/astronomicalobject_f1-score":0.8292046936114732}