{"eval/loss":3.5999020848955428,"checkpoint/best_rougeL":0.19944659908946075,"train/global_step":70,"train/learning_rate":2.1e-05,"train/total_examples":100,"_step":70,"eval/rouge2_f1":0.10012418049565058,"eval/rougeL_f1":0.19685031442814455,"train/total_epochs":10,"train/total_steps":70,"train/batch_size":16,"_wandb":{"runtime":311},"eval/global_step":70,"train/best_rougeL":0.19944659908946075,"_timestamp":1.7533625582026737e+09,"eval/rouge1_f1":0.29356271881114876,"train/loss":3.6418963500431607,"train/patience_count":1,"train/epoch":10,"_runtime":311.027291528}