{"train/global_step":100,"eval/challenge_f1":0.21296847114812612,"eval/approach_f1":0.3737864077669903,"_runtime":236.987558862,"eval/challenge_recall":0.9132653061224489,"eval/outcome_recall":0.9906542056074766,"train/total_steps":105,"eval/eval_loss":1.59317147731781,"_step":105,"eval/approach_recall":0.9506172839506173,"_timestamp":1.7533770591428533e+09,"train/total_epochs":15,"eval/challenge_precision":0.12053872053872054,"train/batch_size":16,"eval/avg_f1":0.2925879337861644,"train/learning_rate":1e-05,"eval/outcome_f1":0.2910089224433768,"train/total_examples":100,"eval/global_step":105,"train/loss":1.5304116606712341,"eval/approach_precision":0.2326283987915408,"_wandb":{"runtime":236},"eval/outcome_precision":0.17055510860820594}